-- phpMyAdmin SQL Dump
-- version 4.8.0
-- https://www.phpmyadmin.net/
--
-- Host: localhost
-- Generation Time: 2018 年 7 月 14 日 14:04
-- サーバのバージョン： 5.7.22-log
-- PHP Version: 5.6.34

SET SQL_MODE = "NO_AUTO_VALUE_ON_ZERO";
SET AUTOCOMMIT = 0;
START TRANSACTION;
SET time_zone = "+00:00";


/*!40101 SET @OLD_CHARACTER_SET_CLIENT=@@CHARACTER_SET_CLIENT */;
/*!40101 SET @OLD_CHARACTER_SET_RESULTS=@@CHARACTER_SET_RESULTS */;
/*!40101 SET @OLD_COLLATION_CONNECTION=@@COLLATION_CONNECTION */;
/*!40101 SET NAMES utf8mb4 */;

--
-- Database: `looseryfun`
--

-- --------------------------------------------------------

--
-- テーブルの構造 `itemgettype`
--

CREATE TABLE `itemgettype` (
  `id` smallint(6) NOT NULL,
  `name` varchar(40) NOT NULL
) ENGINE=InnoDB DEFAULT CHARSET=utf8;

--
-- 挿入前にテーブルを空にする `itemgettype`
--

TRUNCATE TABLE `itemgettype`;
--
-- テーブルのデータのダンプ `itemgettype`
--

INSERT INTO `itemgettype` (`id`, `name`) VALUES
(0, 'ドロップ'),
(1, '鍛冶屋'),
(2, 'クエスト'),
(3, '期間限定特別版');

-- --------------------------------------------------------

--
-- テーブルの構造 `itempropertys`
--

CREATE TABLE `itempropertys` (
  `id` int(11) NOT NULL,
  `maintype` int(11) NOT NULL,
  `subtype` int(11) NOT NULL,
  `percent` tinyint(1) NOT NULL,
  `proppower` int(11) NOT NULL
) ENGINE=InnoDB DEFAULT CHARSET=utf8;

--
-- 挿入前にテーブルを空にする `itempropertys`
--

TRUNCATE TABLE `itempropertys`;
-- --------------------------------------------------------

--
-- テーブルの構造 `itemrecords`
--

CREATE TABLE `itemrecords` (
  `id` int(11) NOT NULL,
  `maintype` int(11) NOT NULL,
  `subtype` int(11) NOT NULL,
  `breaktype` int(11) NOT NULL DEFAULT '0' COMMENT '素材タイプ',
  `breakpoint` int(11) NOT NULL DEFAULT '0',
  `status` smallint(6) NOT NULL DEFAULT '0',
  `name` varchar(40) NOT NULL,
  `gettype` smallint(6) NOT NULL DEFAULT '0' COMMENT '鍛冶屋・ドロップなど',
  `power` int(11) NOT NULL COMMENT 'ATKorDEF',
  `extra` varchar(40) NOT NULL COMMENT '強化元など',
  `notrade` tinyint(1) NOT NULL COMMENT 'トレード不可フラグ',
  `stability` int(11) NOT NULL COMMENT '安定性',
  `limited` tinyint(1) NOT NULL DEFAULT '0' COMMENT '期間限定か',
  `help` text NOT NULL COMMENT '備考情報',
  `makedate` datetime DEFAULT NULL COMMENT '実装日',
  `registdate` datetime NOT NULL DEFAULT CURRENT_TIMESTAMP COMMENT 'データ修正日'
) ENGINE=InnoDB DEFAULT CHARSET=utf8;

--
-- 挿入前にテーブルを空にする `itemrecords`
--

TRUNCATE TABLE `itemrecords`;
--
-- テーブルのデータのダンプ `itemrecords`
--

INSERT INTO `itemrecords` (`id`, `maintype`, `subtype`, `breaktype`, `breakpoint`, `status`, `name`, `gettype`, `power`, `extra`, `notrade`, `stability`, `limited`, `help`, `makedate`, `registdate`) VALUES
(9, 2, 1, 2, 2, 0, 'ウッドソード', 1, 10, '', 1, 40, 0, 'パラメータ作成時に所持している武器', '2015-07-17 00:00:00', '2018-07-07 18:53:21'),
(10, 1, 0, 3, 5, 0, '青い蝶の羽', 0, 0, '', 0, 0, 0, '', NULL, '2018-07-10 10:35:11'),
(11, 1, 0, 4, 3, 0, '青いプルプル', 0, 0, '', 0, 0, 0, '30秒間、3秒毎にMP10回復', NULL, '2018-07-10 17:35:25'),
(12, 1, 0, 2, 10, 0, '青結晶の塊', 0, 0, '', 0, 0, 0, '', NULL, '2018-07-10 17:38:09'),
(13, 1, 0, 2, 4, 0, '青結晶の欠片', 0, 0, '', 0, 0, 0, '', NULL, '2018-07-10 17:39:16'),
(14, 1, 0, 6, 2, 0, '蒼白い宝石', 0, 0, '', 0, 0, 0, '', NULL, '2018-07-10 17:40:25'),
(15, 1, 3, 4, 7, 0, '青白いぷるぷる', 0, 0, '', 0, 0, 0, '10分間、最大MPを100増加', NULL, '2018-07-10 17:41:16'),
(16, 1, 1, 4, 9, 0, '青リンゴ', 0, 0, '', 0, 0, 0, 'HPを300回復', NULL, '2018-07-10 17:41:54'),
(17, 1, 0, 2, 6, 0, '紅い鉤爪', 0, 0, '', 0, 0, 0, '', NULL, '2018-07-10 17:42:24'),
(18, 1, 0, 4, 2, 0, '赤い花びら', 0, 0, '', 0, 0, 0, '', NULL, '2018-07-10 17:42:46'),
(19, 1, 6, 4, 5, 0, '赤いプルプル', 0, 0, '', 0, 0, 0, '1分間、ASPD約315増加', NULL, '2018-07-10 17:44:10'),
(20, 1, 0, 2, 9, 0, 'アカークの砂', 0, 0, '', 0, 0, 0, '', NULL, '2018-07-10 17:44:32'),
(21, 1, 2, 4, 15, 0, '赤紫のプルプル', 0, 0, '', 0, 0, 0, '1分間、6秒ごとにMP30回復', NULL, '2018-07-10 17:45:15'),
(22, 1, 30, 6, 5, 0, 'アクアマリン', 0, 0, '', 0, 0, 0, '', NULL, '2018-07-10 17:46:01'),
(23, 1, 0, 6, 2, 0, '悪夢の結晶', 0, 0, '', 0, 0, 0, '', NULL, '2018-07-10 17:46:28'),
(24, 1, 0, 5, 7, 0, '悪霊の牙', 0, 0, '', 0, 0, 0, '', NULL, '2018-07-10 17:46:52'),
(25, 1, 0, 6, 3, 0, '悪霊の魂', 0, 0, '', 0, 0, 0, '', NULL, '2018-07-10 17:47:12'),
(26, 1, 0, 5, 9, 0, '悪霊の爪', 0, 0, '', 0, 0, 0, '', NULL, '2018-07-10 17:47:42'),
(27, 1, 0, 3, 6, 0, '鮮やかな皮', 0, 0, '', 0, 0, 0, '', NULL, '2018-07-10 17:48:12'),
(28, 1, 0, 5, 9, 0, 'あつあつのトゲ', 0, 0, '', 0, 0, 0, '', NULL, '2018-07-10 17:48:31'),
(29, 1, 0, 2, 9, 0, '熱い石ころ', 0, 0, '', 0, 0, 0, '', NULL, '2018-07-10 17:48:50'),
(30, 1, 0, 3, 8, 0, '厚い毛皮', 0, 0, '', 0, 0, 0, '', NULL, '2018-07-10 17:49:10'),
(31, 1, 0, 5, 11, 0, '熱い角', 0, 0, '', 0, 0, 0, '', NULL, '2018-07-10 17:50:03'),
(32, 1, 0, 5, 7, 0, '厚い緑鱗', 0, 0, '', 0, 0, 0, '', NULL, '2018-07-10 17:50:48'),
(33, 1, 0, 3, 8, 0, '厚手の布', 0, 0, '', 0, 0, 0, '', NULL, '2018-07-10 17:51:09'),
(34, 1, 0, 1, 7, 0, '穴だらけの枝', 0, 0, '', 0, 0, 0, '', NULL, '2018-07-10 17:51:34'),
(35, 1, 0, 3, 6, 0, '穴の空いた大袋', 0, 0, '', 0, 0, 0, '', NULL, '2018-07-10 17:51:56'),
(36, 1, 0, 3, 14, 0, '穴の空いた手袋', 0, 0, '', 0, 0, 0, '', NULL, '2018-07-10 17:52:20'),
(37, 1, 0, 4, 7, 0, '油揚げ', 0, 0, '', 0, 0, 0, '', NULL, '2018-07-10 17:53:07'),
(38, 1, 0, 4, 13, 0, '甘酸っぱい液体', 0, 0, '', 0, 0, 0, '', NULL, '2018-07-10 17:53:53'),
(39, 1, 0, 5, 10, 0, '天鳥の尾羽根', 0, 0, '', 0, 0, 0, '', NULL, '2018-07-10 17:54:18'),
(40, 1, 0, 5, 13, 0, '天鳥の冠羽', 0, 0, '', 0, 0, 0, '', NULL, '2018-07-10 17:54:41'),
(41, 1, 0, 5, 9, 0, '天鳥の爪', 0, 0, '', 0, 0, 0, '', NULL, '2018-07-10 17:55:04'),
(42, 1, 0, 6, 2, 0, '天鳥の涙', 0, 0, '', 0, 0, 0, '', NULL, '2018-07-10 17:55:26'),
(43, 1, 30, 6, 5, 0, 'アメシスト', 0, 0, '', 0, 0, 0, '', NULL, '2018-07-10 17:56:42'),
(44, 1, 0, 4, 14, 0, '怪しいエキス', 0, 0, '', 0, 0, 0, '', NULL, '2018-07-10 17:57:04'),
(45, 1, 1, 4, 15, 0, '怪しいキノコ', 0, 0, '', 0, 0, 0, 'HP400、MP40回復', NULL, '2018-07-10 17:57:52'),
(46, 1, 0, 3, 4, 0, 'あやしい毛皮', 0, 0, '', 0, 0, 0, '', NULL, '2018-07-10 17:58:21'),
(47, 1, 10, 2, 2, 0, 'あやしい工具箱', 0, 0, '', 0, 0, 0, '', NULL, '2018-07-10 17:58:44'),
(48, 1, 0, 4, 5, 0, 'あやしいタマゴ', 0, 0, '', 0, 0, 0, '', NULL, '2018-07-10 17:59:05'),
(49, 1, 0, 4, 6, 0, '怪しく輝く粉', 0, 0, '', 0, 0, 0, '', NULL, '2018-07-10 17:59:24'),
(50, 1, 0, 3, 8, 0, '操り人形の糸', 0, 0, '', 0, 0, 0, '', NULL, '2018-07-10 17:59:59'),
(51, 1, 0, 3, 16, 0, 'アラネアの糸', 0, 0, '', 0, 0, 0, '', NULL, '2018-07-10 18:00:25'),
(52, 1, 0, 2, 15, 0, 'アルティメア石材', 0, 0, '', 0, 0, 0, '', NULL, '2018-07-10 18:00:49'),
(53, 1, 0, 3, 9, 0, '暗影の羽', 0, 0, '', 0, 0, 0, '', NULL, '2018-07-10 18:01:15'),
(54, 1, 0, 4, 12, 0, 'あんきも', 0, 0, '', 0, 0, 0, '', NULL, '2018-07-10 18:01:38'),
(55, 1, 0, 4, 9, 0, '暗黒キノコ', 0, 0, '', 0, 0, 0, '', NULL, '2018-07-10 18:02:08'),
(56, 1, 0, 4, 12, 0, '良い香りの葉っぱ', 0, 0, '', 0, 0, 0, '', NULL, '2018-07-10 18:02:36'),
(57, 1, 0, 1, 6, 0, '良い香りの木材', 0, 0, '', 0, 0, 0, '', NULL, '2018-07-10 18:02:58'),
(58, 1, 0, 2, 8, 0, '異界の石ころ', 0, 0, '', 0, 0, 0, '', NULL, '2018-07-10 18:03:18'),
(59, 1, 0, 5, 8, 0, '異界の腕', 0, 0, '', 0, 0, 0, '', NULL, '2018-07-10 18:03:39'),
(60, 1, 0, 4, 5, 0, '異界の液体', 0, 0, '', 0, 0, 0, '', NULL, '2018-07-10 18:03:58'),
(61, 1, 0, 5, 8, 0, '異界の鉤爪', 0, 0, '', 0, 0, 0, '', NULL, '2018-07-10 18:14:55'),
(62, 1, 0, 3, 5, 0, '異界の皮', 0, 0, '', 0, 0, 0, '', NULL, '2018-07-10 18:15:15'),
(63, 1, 0, 2, 8, 0, '異界の結晶', 0, 0, '', 0, 0, 0, '', NULL, '2018-07-10 18:15:47'),
(64, 1, 0, 6, 4, 0, '異界の鉱石', 0, 0, '', 0, 0, 0, '', NULL, '2018-07-10 18:18:03'),
(65, 1, 0, 6, 5, 0, '異界のコスモ', 0, 0, '', 0, 0, 0, '', NULL, '2018-07-10 18:18:21'),
(66, 1, 0, 5, 9, 0, '異界の尻尾', 0, 0, '', 0, 0, 0, '', NULL, '2018-07-10 18:18:40'),
(67, 1, 0, 2, 10, 0, '異界の砂', 0, 0, '', 0, 0, 0, '', NULL, '2018-07-10 18:19:00'),
(68, 1, 0, 6, 3, 0, '異界の天体', 0, 0, '', 0, 0, 0, '', NULL, '2018-07-10 18:19:19'),
(69, 1, 0, 4, 5, 0, '生きた液体', 0, 0, '', 0, 0, 0, '', NULL, '2018-07-10 18:19:37'),
(70, 1, 0, 2, 10, 0, '異形の拳', 0, 0, '', 0, 0, 0, '', NULL, '2018-07-10 18:20:00'),
(71, 1, 0, 2, 14, 0, '異形の刃物', 0, 0, '', 0, 0, 0, '', NULL, '2018-07-10 18:20:19'),
(72, 1, 0, 4, 4, 0, 'イクル湖沼水', 0, 0, '', 0, 0, 0, '', NULL, '2018-07-10 18:20:47'),
(73, 1, 0, 6, 4, 0, 'イコノスコア', 0, 0, '', 0, 0, 0, '', NULL, '2018-07-10 18:21:08'),
(74, 1, 0, 2, 11, 0, 'イコノスの金属片', 0, 0, '', 0, 0, 0, '', NULL, '2018-07-10 18:21:26'),
(75, 1, 0, 2, 2, 0, '石ころ', 0, 0, '', 0, 0, 0, '', NULL, '2018-07-10 18:21:49'),
(76, 1, 0, 3, 12, 0, '異質な皮膚', 0, 0, '', 0, 0, 0, '', NULL, '2018-07-10 18:22:09'),
(77, 1, 0, 2, 7, 0, '石造りの刀身', 0, 0, '', 0, 0, 0, '', NULL, '2018-07-10 18:22:29'),
(78, 1, 0, 2, 3, 0, '石の小角', 0, 0, '', 0, 0, 0, '', NULL, '2018-07-10 18:23:09'),
(79, 1, 0, 5, 5, 0, '石の爪', 0, 0, '', 0, 0, 0, '', NULL, '2018-07-10 18:24:04'),
(80, 1, 0, 2, 3, 0, '遺跡のガラクタ', 0, 0, '', 0, 0, 0, '', NULL, '2018-07-10 18:24:53'),
(81, 1, 1, 4, 13, 0, '傷んだ果実', 0, 0, '', 0, 0, 0, 'HPを40回復', NULL, '2018-07-10 18:25:25'),
(82, 1, 0, 3, 13, 0, '傷んだ合成皮革', 0, 0, '', 0, 0, 0, '', NULL, '2018-07-10 18:25:46'),
(83, 1, 0, 3, 5, 0, '傷んだ羊皮紙', 0, 0, '', 0, 0, 0, '', NULL, '2018-07-10 18:26:06'),
(84, 1, 0, 2, 12, 0, 'いびつな刃', 0, 0, '', 0, 0, 0, '', NULL, '2018-07-10 18:26:32'),
(85, 1, 0, 2, 10, 0, 'インザニオの鎧片', 0, 0, '', 0, 0, 0, '', NULL, '2018-07-10 18:26:53'),
(86, 1, 0, 2, 14, 0, 'インザニオの肩当て', 0, 0, '', 0, 0, 0, '', NULL, '2018-07-10 18:27:12'),
(87, 1, 0, 6, 4, 0, '浮かばれない魂', 0, 0, '', 0, 0, 0, '', NULL, '2018-07-10 18:27:41'),
(88, 1, 0, 2, 5, 0, '動く石材', 0, 0, '', 0, 0, 0, '', NULL, '2018-07-10 18:28:00'),
(89, 1, 0, 3, 11, 0, 'うごめく皮膚', 0, 0, '', 0, 0, 0, '', NULL, '2018-07-10 18:28:27'),
(90, 1, 0, 5, 10, 0, '蠢く目玉', 0, 0, '', 0, 0, 0, '', NULL, '2018-07-10 18:28:47'),
(91, 1, 0, 6, 5, 0, 'ウササンの霊魂', 0, 0, '', 0, 0, 0, '', NULL, '2018-07-10 18:29:09'),
(92, 1, 0, 1, 5, 0, '失われたステッキ', 0, 0, '', 0, 0, 0, '', NULL, '2018-07-10 18:29:58'),
(93, 1, 0, 1, 11, 0, '渦巻いた木の根', 0, 0, '', 0, 0, 0, '', NULL, '2018-07-10 18:30:19'),
(94, 1, 0, 3, 9, 0, '薄汚れた布', 0, 0, '', 0, 0, 0, '', NULL, '2018-07-10 18:30:40'),
(95, 1, 0, 3, 6, 0, '薄汚れた包帯', 0, 0, '', 0, 0, 0, '', NULL, '2018-07-10 18:31:16'),
(96, 1, 0, 2, 4, 0, 'エイテマ石材', 0, 0, '', 0, 0, 0, '', NULL, '2018-07-10 18:31:37'),
(97, 1, 0, 4, 10, 0, 'エイヒレ', 0, 0, '', 0, 0, 0, '', NULL, '2018-07-10 18:31:59'),
(98, 1, 0, 5, 13, 0, '鋭利なクマ爪', 0, 0, '', 0, 0, 0, '', NULL, '2018-07-10 18:32:17'),
(99, 1, 0, 2, 11, 0, '鋭利な盾片', 0, 0, '', 0, 0, 0, '', NULL, '2018-07-10 18:32:36'),
(100, 1, 0, 2, 10, 0, '鋭利な鉄羽', 0, 0, '', 0, 0, 0, '', NULL, '2018-07-10 18:33:06'),
(101, 1, 0, 3, 6, 0, '液状の皮', 0, 0, '', 0, 0, 0, '', NULL, '2018-07-10 18:33:24'),
(102, 1, 0, 2, 20, 0, 'エーテルメタル', 0, 0, '', 0, 0, 0, '', NULL, '2018-07-10 18:33:46'),
(103, 1, 1, 6, 3, 0, 'エナジーボトル', 0, 0, '', 0, 0, 0, 'HPを4000回復', NULL, '2018-07-10 18:34:17'),
(104, 1, 0, 6, 4, 0, 'エネルギーコア', 0, 0, '', 0, 0, 0, '', NULL, '2018-07-10 18:34:35'),
(105, 1, 30, 6, 5, 0, 'エメラルド', 0, 0, '', 0, 0, 0, '', NULL, '2018-07-10 18:34:59'),
(106, 1, 0, 4, 15, 0, '焔硝薬', 0, 0, '', 0, 0, 0, '', NULL, '2018-07-10 18:35:28'),
(107, 1, 1, 4, 11, 0, '美味しいリンゴ', 0, 0, '', 0, 0, 0, 'HPを500回復', NULL, '2018-07-10 18:35:58'),
(108, 1, 0, 4, 8, 0, '黄金の蜂蜜', 0, 0, '', 0, 0, 0, '', NULL, '2018-07-10 18:36:18'),
(109, 1, 0, 1, 6, 0, '大鎌の柄', 0, 0, '', 0, 0, 0, '', NULL, '2018-07-10 18:36:39'),
(110, 1, 0, 2, 12, 0, '大鎌の刃', 0, 0, '', 0, 0, 0, '', NULL, '2018-07-10 18:36:57'),
(111, 1, 0, 3, 2, 0, 'オオカミの皮', 0, 0, '', 0, 0, 0, '', NULL, '2018-07-10 18:37:25'),
(112, 1, 0, 6, 3, 0, '大きなお札', 0, 0, '', 0, 0, 0, '', NULL, '2018-07-10 18:37:46'),
(113, 1, 0, 2, 9, 0, '大きなガラクタ', 0, 0, '', 0, 0, 0, '', NULL, '2018-07-10 18:38:08'),
(114, 1, 0, 1, 5, 0, '大きな枯葉', 0, 0, '', 0, 0, 0, '', NULL, '2018-07-10 18:38:23'),
(115, 1, 0, 5, 10, 0, '大きな吸盤', 0, 0, '', 0, 0, 0, '', NULL, '2018-07-10 18:38:43'),
(116, 1, 0, 2, 11, 0, '大きな仕込み刃', 0, 0, '', 0, 0, 0, '', NULL, '2018-07-10 18:39:12'),
(117, 1, 0, 2, 13, 0, '大きなスパナ', 0, 0, '', 0, 0, 0, '', NULL, '2018-07-10 18:39:33'),
(118, 1, 0, 2, 12, 0, '大きなネジ', 0, 0, '', 0, 0, 0, '', NULL, '2018-07-10 18:39:51'),
(119, 1, 0, 4, 4, 0, '大きな葉っぱ', 0, 0, '', 0, 0, 0, '', NULL, '2018-07-10 18:40:13'),
(120, 1, 0, 3, 8, 0, '大きなヒレ', 0, 0, '', 0, 0, 0, '', NULL, '2018-07-10 18:40:34'),
(121, 1, 0, 2, 7, 0, '大きな振り子', 0, 0, '', 0, 0, 0, '', NULL, '2018-07-10 18:41:12'),
(122, 1, 0, 6, 3, 0, '大きな宝石', 0, 0, '', 0, 0, 0, '', NULL, '2018-07-10 18:41:36'),
(123, 1, 0, 4, 8, 0, '大きな埃', 0, 0, '', 0, 0, 0, '', NULL, '2018-07-10 18:41:56'),
(124, 1, 0, 1, 14, 0, '大きなボタン', 0, 0, '', 0, 0, 0, '', NULL, '2018-07-10 18:42:12'),
(125, 1, 0, 2, 7, 0, '大きなボルト', 0, 0, '', 0, 0, 0, '', NULL, '2018-07-10 18:42:26'),
(126, 1, 1, 4, 6, 0, 'おさしみ', 0, 0, '', 0, 0, 0, 'HPを300回復', NULL, '2018-07-10 18:43:17'),
(127, 1, 0, 1, 5, 0, '幼い木の枝', 0, 0, '', 0, 0, 0, '', NULL, '2018-07-10 18:43:40'),
(128, 1, 3, 4, 4, 0, '幼い木の実', 0, 0, '', 0, 0, 0, '30分間、最大HPが75増加', NULL, '2018-07-10 18:44:14'),
(129, 1, 0, 5, 5, 0, '幼いたてがみ', 0, 0, '', 0, 0, 0, '', NULL, '2018-07-10 18:44:35'),
(130, 1, 0, 5, 6, 0, '汚染された犬歯', 0, 0, '', 0, 0, 0, '', NULL, '2018-07-10 18:44:56'),
(131, 1, 0, 1, 9, 0, '汚染された木材', 0, 0, '', 0, 0, 0, '', NULL, '2018-07-10 18:45:16'),
(132, 1, 0, 3, 7, 0, 'おぞましい皮膚', 0, 0, '', 0, 0, 0, '', NULL, '2018-07-10 18:45:34'),
(133, 1, 0, 3, 15, 0, 'オックス生地', 0, 0, '', 0, 0, 0, '', NULL, '2018-07-10 18:45:56'),
(134, 1, 0, 5, 10, 0, '踊る触手', 0, 0, '', 0, 0, 0, '', NULL, '2018-07-10 18:46:18'),
(135, 1, 30, 6, 5, 0, 'オニキス', 0, 0, '', 0, 0, 0, '', NULL, '2018-07-10 18:46:49'),
(136, 1, 1, 4, 6, 0, 'おにぎり', 0, 0, '', 0, 0, 0, 'HPを100、MPを20回復', NULL, '2018-07-10 18:47:30'),
(137, 1, 30, 6, 5, 0, 'オブシディアン', 0, 0, '', 0, 0, 0, '', NULL, '2018-07-10 18:47:49'),
(138, 1, 0, 2, 14, 0, '重い車輪', 0, 0, '', 0, 0, 0, '', NULL, '2018-07-10 18:48:08'),
(139, 1, 0, 2, 12, 0, '重く丈夫な鎖', 0, 0, '', 0, 0, 0, '', NULL, '2018-07-10 18:48:24'),
(140, 1, 20, 2, 12, 0, 'オリハル鉱石', 0, 0, '', 0, 0, 0, '', NULL, '2018-07-10 18:48:48'),
(141, 1, 20, 2, 31, 0, 'オリハルコン', 0, 0, '', 0, 0, 0, '', NULL, '2018-07-10 18:49:12'),
(142, 1, 0, 2, 12, 0, '折れたアンテナ', 0, 0, '', 0, 0, 0, '', NULL, '2018-07-10 18:49:33'),
(143, 1, 0, 2, 10, 0, '折れた大鎌', 0, 0, '', 0, 0, 0, '', NULL, '2018-07-10 18:49:51'),
(144, 1, 0, 2, 8, 0, '折れた親分大剣', 0, 0, '', 0, 0, 0, '', NULL, '2018-07-10 18:50:07'),
(145, 1, 0, 2, 9, 0, '折れた木こりの斧', 0, 0, '', 0, 0, 0, '', NULL, '2018-07-10 18:50:24'),
(146, 1, 0, 1, 10, 0, '折れた仕込み杖', 0, 0, '', 0, 0, 0, '', NULL, '2018-07-10 18:50:41'),
(147, 1, 0, 2, 9, 0, '折れた短剣', 0, 0, '', 0, 0, 0, '', NULL, '2018-07-10 18:51:00'),
(148, 1, 0, 2, 11, 0, '折れた鉄の棒', 0, 0, '', 0, 0, 0, '', NULL, '2018-07-10 18:51:20'),
(149, 1, 0, 1, 12, 0, '折れたバット', 0, 0, '', 0, 0, 0, '', NULL, '2018-07-10 18:51:54'),
(150, 1, 0, 2, 18, 0, '折れたネジまき', 0, 0, '', 0, 0, 0, '', NULL, '2018-07-10 18:52:12'),
(151, 1, 0, 1, 13, 0, '折れたはたき', 0, 0, '', 0, 0, 0, '', NULL, '2018-07-10 18:52:30'),
(152, 1, 0, 2, 13, 0, '折れたメス刃', 0, 0, '', 0, 0, 0, '', NULL, '2018-07-10 18:52:52'),
(153, 1, 0, 2, 12, 0, '折れた槍', 0, 0, '', 0, 0, 0, '', NULL, '2018-07-10 18:53:14'),
(154, 1, 0, 6, 3, 0, 'オーロラの結晶', 0, 0, '', 0, 0, 0, '', NULL, '2018-07-10 18:53:31');

-- --------------------------------------------------------

--
-- テーブルの構造 `itemstatus`
--

CREATE TABLE `itemstatus` (
  `id` smallint(6) NOT NULL,
  `name` varchar(40) NOT NULL
) ENGINE=InnoDB DEFAULT CHARSET=utf8;

--
-- 挿入前にテーブルを空にする `itemstatus`
--

TRUNCATE TABLE `itemstatus`;
--
-- テーブルのデータのダンプ `itemstatus`
--

INSERT INTO `itemstatus` (`id`, `name`) VALUES
(0, 'wait'),
(1, 'active'),
(2, 'disable');

-- --------------------------------------------------------

--
-- テーブルの構造 `mainitemtypes`
--

CREATE TABLE `mainitemtypes` (
  `id` int(11) NOT NULL,
  `name` varchar(30) NOT NULL
) ENGINE=InnoDB DEFAULT CHARSET=utf8 COMMENT='メインアイテム種別';

--
-- 挿入前にテーブルを空にする `mainitemtypes`
--

TRUNCATE TABLE `mainitemtypes`;
--
-- テーブルのデータのダンプ `mainitemtypes`
--

INSERT INTO `mainitemtypes` (`id`, `name`) VALUES
(1, 'アイテム'),
(6, 'クリスタ'),
(2, '武器'),
(3, '防具');

-- --------------------------------------------------------

--
-- テーブルの構造 `mainproptype`
--

CREATE TABLE `mainproptype` (
  `id` int(11) NOT NULL,
  `name` varchar(40) NOT NULL
) ENGINE=InnoDB DEFAULT CHARSET=utf8;

--
-- 挿入前にテーブルを空にする `mainproptype`
--

TRUNCATE TABLE `mainproptype`;
--
-- テーブルのデータのダンプ `mainproptype`
--

INSERT INTO `mainproptype` (`id`, `name`) VALUES
(0, 'なし'),
(1, '攻撃・防御'),
(2, 'ステータス'),
(3, '命中・回避'),
(4, '貫通'),
(5, 'ダメージ'),
(6, '耐性'),
(7, 'ヘイト'),
(8, '速度'),
(9, '回復'),
(10, '属性'),
(20, 'バリア'),
(21, '追撃'),
(22, '付与停止'),
(23, '安定率'),
(50, 'その他');

-- --------------------------------------------------------

--
-- テーブルの構造 `materialtype`
--

CREATE TABLE `materialtype` (
  `id` int(11) NOT NULL,
  `name` varchar(40) NOT NULL
) ENGINE=InnoDB DEFAULT CHARSET=utf8 COMMENT='素材タイプ';

--
-- 挿入前にテーブルを空にする `materialtype`
--

TRUNCATE TABLE `materialtype`;
--
-- テーブルのデータのダンプ `materialtype`
--

INSERT INTO `materialtype` (`id`, `name`) VALUES
(0, 'なし'),
(1, '木材'),
(2, '金属'),
(3, '布地'),
(4, '薬品'),
(5, '獣品'),
(6, '魔素');

-- --------------------------------------------------------

--
-- ビュー用の代替構造 `propertyorderview`
-- (See below for the actual view)
--
CREATE TABLE `propertyorderview` (
`id` int(11)
,`maintype` int(11)
,`subtype` int(11)
,`percent` tinyint(1)
,`proppower` int(11)
);

-- --------------------------------------------------------

--
-- テーブルの構造 `skilldata`
--

CREATE TABLE `skilldata` (
  `maintype` int(11) NOT NULL COMMENT 'ツリー番号',
  `subtype` int(11) NOT NULL COMMENT 'スキル番号',
  `name` varchar(40) NOT NULL,
  `level` int(11) NOT NULL DEFAULT '1' COMMENT '習得可能ツリーレベル',
  `before` int(11) NOT NULL COMMENT '派生元スキル番号',
  `x` int(11) NOT NULL,
  `y` int(11) NOT NULL
) ENGINE=InnoDB DEFAULT CHARSET=utf8;

--
-- 挿入前にテーブルを空にする `skilldata`
--

TRUNCATE TABLE `skilldata`;
--
-- テーブルのデータのダンプ `skilldata`
--

INSERT INTO `skilldata` (`maintype`, `subtype`, `name`, `level`, `before`, `x`, `y`) VALUES
(1, 1, 'ハードヒット', 1, 0, 0, 0),
(1, 2, 'アステュート', 1, 1, 1, 0),
(1, 3, 'トリガースラッシュ', 2, 2, 2, 0),
(1, 4, 'ランページ', 3, 3, 3, 0),
(1, 5, 'メテオブレイカー', 4, 3, 2, 1),
(1, 6, 'アクセルブレード', 1, 1, 1, 2),
(1, 7, 'スパイラルエアー', 2, 6, 2, 2),
(1, 8, 'ソードテンペスト', 3, 7, 3, 2),
(1, 9, 'バスターブレード', 4, 7, 2, 3),
(1, 10, 'ブレードマスタリ', 1, 0, 0, 4),
(1, 11, '素早い斬撃', 1, 10, 1, 4),
(1, 12, '匠の剣術', 2, 11, 2, 4),
(1, 13, 'ウォークライ', 3, 11, 1, 5),
(1, 14, 'バーサーク', 4, 13, 2, 5),
(2, 1, 'パワーシュート', 1, 0, 0, 0),
(2, 2, 'ワンホイール', 1, 1, 1, 0),
(2, 3, 'アローレイン', 2, 2, 2, 0),
(2, 4, 'クロスファイア', 4, 3, 3, 0),
(2, 5, 'スナイピング', 3, 2, 1, 1),
(2, 6, 'メーバショット', 1, 1, 1, 2),
(2, 7, 'パライズショット', 2, 6, 2, 2),
(2, 8, 'スモークダスト', 3, 7, 3, 2),
(2, 9, 'アームブレイク', 4, 8, 4, 2),
(2, 10, 'シュートマスタリ', 1, 0, 0, 3),
(2, 11, 'ハイドアタック', 1, 10, 1, 3),
(2, 12, 'ロングレンジ', 2, 10, 1, 4),
(2, 13, 'クイックドロー', 3, 12, 2, 4),
(2, 14, 'デコイシューター', 4, 13, 3, 4),
(3, 1, 'アロー', 1, 0, 0, 0),
(3, 2, 'ジャベリン', 1, 1, 1, 0),
(3, 3, 'ランサ―', 2, 2, 2, 0),
(3, 4, 'インパクト', 3, 3, 3, 0),
(3, 5, 'フィナウ', 4, 4, 4, 0),
(3, 6, 'ウォール', 1, 1, 1, 1),
(3, 7, 'ブラスト', 2, 6, 2, 1),
(3, 8, 'ストーム', 3, 7, 3, 1),
(3, 9, 'バースト', 4, 8, 4, 1),
(3, 10, 'マジックマスタリ', 1, 0, 0, 2),
(3, 11, 'チャージング', 1, 0, 0, 3),
(3, 12, 'チェインキャスト', 2, 11, 1, 3),
(3, 13, 'パワーウェーブ', 3, 12, 2, 3),
(3, 14, 'マキシマイザー', 4, 13, 3, 3),
(4, 1, 'スマッシュ', 1, 0, 0, 0),
(4, 2, 'バッシュ', 1, 1, 1, 0),
(4, 3, 'シェルブレイク', 2, 2, 2, 0),
(4, 4, 'ヘビースマッシュ', 3, 3, 3, 0),
(4, 5, 'チャリオット', 4, 4, 4, 0),
(4, 6, 'ソニックウェーブ', 1, 1, 1, 1),
(4, 7, 'アースバインド', 2, 6, 2, 1),
(4, 8, 'トライアーツ', 3, 7, 3, 1),
(4, 9, 'ラッシュ', 4, 8, 4, 1),
(4, 10, 'マーシャルマスタリ', 1, 0, 0, 2),
(4, 11, '体術鍛錬', 3, 10, 1, 2),
(4, 12, 'チャクラ', 4, 11, 2, 2),
(4, 13, 'ワンチャンス', 1, 0, 0, 3),
(4, 14, '強力な追撃', 2, 13, 1, 3),
(5, 1, 'デュアルマスタリ', 1, 0, 0, 0),
(5, 2, 'ツインスラッシュ', 1, 1, 1, 0),
(5, 3, 'エアスライド', 2, 2, 2, 0),
(5, 4, 'ファントムレイヴ', 3, 3, 3, 0),
(5, 5, 'パリングソード', 1, 1, 1, 1),
(5, 6, 'ドラグーンソード', 2, 5, 2, 1),
(5, 7, '回り込み', 3, 6, 3, 1),
(5, 8, 'ステップリアクター', 1, 1, 1, 2),
(5, 9, 'フィロ・エクレール', 3, 8, 2, 2),
(5, 10, '双剣の鍛錬', 1, 1, 1, 3),
(5, 11, '神速の軌跡', 2, 10, 2, 3),
(6, 1, 'フラッシュスタブ', 1, 0, 0, 0),
(6, 2, 'キャノンスピア', 1, 1, 1, 0),
(6, 3, 'ドラゴンテイル', 2, 2, 2, 0),
(6, 4, 'ダイブインパクト', 3, 3, 3, 0),
(6, 5, 'ドラゴントゥース', 4, 3, 2, 1),
(6, 6, 'デッドリースピア', 1, 1, 1, 2),
(6, 7, 'ストライクスタブ', 3, 6, 2, 2),
(6, 8, 'クロノスドライブ', 4, 7, 3, 2),
(6, 9, 'パニッシュレイ', 2, 6, 2, 3),
(6, 10, 'ハルバードマスタリ', 1, 0, 0, 4),
(6, 11, '会心の捌き', 3, 10, 1, 4),
(6, 12, 'クイックオーラ', 1, 0, 0, 5),
(6, 13, '逆境の雄叫び', 2, 12, 1, 5),
(6, 14, '神速の捌手', 4, 13, 2, 5),
(7, 1, '一閃', 1, 0, 0, 0),
(7, 2, '波動刃', 1, 1, 1, 0),
(7, 3, '三段突き', 2, 2, 2, 0),
(7, 4, '八相発破', 3, 3, 3, 0),
(7, 5, '天流乱星', 4, 4, 4, 0),
(7, 6, '柄打ち', 1, 0, 0, 2),
(7, 7, '禍断ち', 2, 6, 1, 2),
(7, 8, '斬釘截鉄', 3, 7, 2, 2),
(7, 9, '画竜点睛', 4, 4, 4, 1),
(7, 10, '武士道', 1, 0, 0, 3),
(7, 11, '縮地法', 3, 10, 1, 3),
(7, 12, '両手持ち', 1, 10, 1, 4),
(7, 13, '明鏡止水', 2, 12, 2, 4),
(7, 14, '怪力乱神', 4, 13, 3, 4),
(21, 1, '重防具マスタリ', 1, 0, 0, 0),
(21, 2, 'アドバンスガード', 2, 1, 1, 0),
(21, 3, '未公開', 3, 1, 1, 1),
(21, 4, '未公開', 4, 3, 2, 1),
(21, 5, '軽防具マスタリ', 1, 0, 0, 2),
(21, 6, 'アドバンスフリー', 2, 5, 1, 2),
(21, 7, '未公開', 3, 5, 1, 3),
(21, 8, '未公開', 4, 7, 2, 3),
(22, 1, 'シールドマスタリ', 1, 0, 0, 0),
(22, 2, 'シールドバッシュ', 2, 1, 1, 0),
(22, 3, 'シールドキャノン', 3, 2, 2, 0),
(22, 4, 'ガードストライク', 4, 3, 3, 0),
(22, 5, 'フォースシールド', 2, 1, 1, 1),
(22, 6, 'マジカルシールド', 3, 5, 2, 1),
(22, 7, 'プロテクション', 1, 0, 0, 2),
(22, 8, 'イージス', 2, 7, 1, 2),
(22, 9, 'ガーディアン', 4, 8, 2, 2),
(23, 1, 'スローイング', 1, 0, 0, 0),
(23, 2, 'スパイクダート', 2, 1, 1, 0),
(23, 3, 'ガトリングナイフ', 3, 2, 2, 0),
(23, 4, '驚異の投擲術', 4, 3, 3, 0),
(23, 5, 'ポイズンダガー', 2, 1, 1, 1),
(23, 6, 'ダブルスロー', 3, 5, 2, 1),
(23, 7, 'セカンドアーム', 1, 0, 0, 2),
(23, 8, 'インテンスナイフ', 2, 7, 1, 2),
(23, 9, 'メイルブレイカー', 4, 8, 2, 2),
(24, 1, 'アサルトアタック', 1, 0, 0, 0),
(24, 2, 'パリィ', 2, 1, 1, 0),
(24, 3, 'Pディフェンス', 3, 2, 2, 0),
(24, 4, '未公開', 4, 3, 3, 0),
(24, 5, 'プロボーク', 1, 0, 0, 1),
(24, 6, 'レイジソード', 2, 5, 1, 1),
(24, 7, 'バインドストライク', 3, 6, 2, 1),
(24, 8, '未公開', 4, 7, 3, 1),
(25, 1, 'ブレス', 1, 0, 0, 0),
(25, 2, 'グロリア', 2, 1, 1, 0),
(25, 3, 'ブレス強化', 3, 2, 2, 0),
(25, 4, '未公開', 4, 3, 3, 0),
(25, 5, 'ホーリーフィスト', 1, 0, 0, 1),
(25, 6, 'ホーリーライト', 2, 5, 1, 1),
(25, 7, 'エーテルコート', 3, 6, 2, 1),
(25, 8, '未公開', 4, 7, 3, 1),
(26, 1, 'キックバック', 1, 0, 0, 0),
(26, 2, 'サンライズアロー', 2, 1, 1, 0),
(26, 3, 'フォースアロー', 3, 2, 2, 0),
(26, 4, '未公開', 4, 3, 3, 0),
(26, 5, 'スリープトラップ', 1, 0, 0, 1),
(26, 6, 'トラバサミ', 2, 5, 1, 1),
(26, 7, 'エクスプローシブ', 3, 6, 2, 1),
(26, 8, '未公開', 4, 7, 3, 1),
(31, 1, 'ぷちヒール', 1, 0, 0, 0),
(31, 2, 'リカバリー', 2, 1, 1, 0),
(31, 3, 'サンクチュアリ', 3, 2, 2, 0),
(31, 4, 'ヒール', 4, 3, 3, 0),
(31, 5, '応急手当', 1, 0, 0, 1),
(31, 6, 'ライフリカバリー', 1, 0, 0, 2),
(31, 7, 'ブレイブオーラ', 2, 6, 1, 2),
(31, 8, 'ハイサイクル', 3, 7, 2, 2),
(31, 9, 'クイックモーション', 4, 8, 3, 2),
(31, 10, 'マナリチャージ', 1, 0, 0, 3),
(31, 11, 'マジックバリア', 2, 10, 1, 3),
(31, 12, 'ディジートシール', 3, 11, 2, 3),
(31, 13, 'ハイリアクション', 4, 12, 3, 3),
(32, 1, '魔法力UP', 1, 0, 0, 0),
(32, 2, '集中', 1, 1, 1, 0),
(32, 3, '必死の抵抗', 2, 2, 2, 0),
(32, 4, '更なる魔力', 3, 3, 3, 0),
(32, 5, '未公開', 4, 4, 4, 0),
(32, 6, '攻撃力UP', 1, 0, 0, 1),
(32, 7, '強打', 1, 6, 1, 1),
(32, 8, 'クリティカルUP', 2, 7, 2, 1),
(32, 9, '脅威の威力', 3, 8, 3, 1),
(32, 10, '未公開', 4, 9, 4, 1),
(32, 11, '防御力UP', 1, 0, 0, 2),
(32, 12, '回避UP', 1, 11, 1, 2),
(32, 13, '命中UP', 2, 12, 2, 2),
(32, 14, '守備の心得', 3, 13, 3, 2),
(32, 15, '未公開', 4, 14, 4, 2),
(33, 1, '死んだふり', 1, 0, 0, 0),
(33, 2, '経験値アップ', 1, 0, 0, 1),
(33, 3, '収集率アップ', 1, 0, 0, 2),
(33, 4, '安全な休憩', 1, 0, 1, 0),
(33, 5, 'HPブースト', 2, 4, 2, 0),
(33, 6, '余裕ある戦闘', 2, 4, 2, 1),
(33, 7, '小さな息抜き', 1, 0, 1, 2),
(33, 8, 'MPブースト', 2, 7, 2, 2),
(33, 9, '冷静な戦術', 2, 7, 2, 3),
(41, 1, '装備精錬', 1, 0, 0, 1),
(41, 2, '初心者の金敷', 1, 1, 1, 0),
(41, 3, '職人の金敷', 2, 2, 2, 0),
(41, 4, '鍛冶屋の金敷', 3, 3, 3, 0),
(41, 5, '未公開', 4, 4, 4, 0),
(41, 6, '中級精錬技術', 2, 1, 1, 1),
(41, 7, '上級精錬技術', 3, 6, 2, 1),
(41, 8, '未公開', 4, 7, 3, 1),
(41, 9, '装備製作', 1, 1, 1, 2),
(41, 10, '丁寧な製作', 2, 9, 2, 2),
(41, 11, '未公開', 4, 10, 3, 2),
(41, 12, '素材加工', 1, 0, 0, 3),
(41, 13, '装備強化', 1, 9, 1, 3),
(41, 14, '正確な強化', 3, 13, 2, 3),
(41, 15, '未公開', 4, 14, 3, 3),
(42, 1, 'アイテム合成', 1, 0, 0, 1),
(42, 2, '初心者の薬瓶', 1, 1, 1, 0),
(42, 3, '職人の薬瓶', 2, 2, 2, 0),
(42, 4, '合成屋の薬瓶', 3, 3, 3, 0),
(42, 5, '未公開', 4, 4, 4, 0),
(42, 6, '中級合成術', 2, 1, 1, 1),
(42, 7, '上級合成術', 3, 6, 2, 1),
(42, 8, '未公開', 4, 7, 3, 1),
(42, 9, '素材加工', 1, 0, 0, 2),
(42, 10, '装備合成', 2, 1, 1, 2),
(42, 11, '合成技術向上I', 3, 10, 2, 2),
(42, 12, '未公開', 4, 11, 3, 2),
(43, 1, 'テイミング', 1, 0, 0, 0),
(43, 2, '捕獲技術I', 1, 1, 1, 0),
(43, 3, '捕獲技術II', 2, 2, 2, 0),
(43, 4, 'グッドテイム', 1, 1, 1, 1),
(43, 5, '丁寧な捕獲', 2, 4, 2, 1),
(43, 6, 'ペットヒール', 1, 1, 1, 2),
(43, 7, 'ペットチャージ', 2, 6, 2, 2);

-- --------------------------------------------------------

--
-- テーブルの構造 `skilltreelevels`
--

CREATE TABLE `skilltreelevels` (
  `maintype` int(11) NOT NULL,
  `level` int(11) NOT NULL COMMENT 'ツリーレベル',
  `need` int(11) NOT NULL COMMENT '必要なレベル'
) ENGINE=InnoDB DEFAULT CHARSET=utf8;

--
-- 挿入前にテーブルを空にする `skilltreelevels`
--

TRUNCATE TABLE `skilltreelevels`;
--
-- テーブルのデータのダンプ `skilltreelevels`
--

INSERT INTO `skilltreelevels` (`maintype`, `level`, `need`) VALUES
(1, 1, 10),
(1, 2, 30),
(1, 3, 70),
(1, 4, 150),
(2, 1, 10),
(2, 2, 30),
(2, 3, 70),
(2, 4, 150),
(3, 1, 10),
(3, 2, 30),
(3, 3, 70),
(3, 4, 150),
(4, 1, 10),
(4, 2, 30),
(4, 3, 70),
(4, 4, 150),
(5, 1, 30),
(5, 2, 50),
(5, 3, 90),
(5, 4, 150),
(6, 1, 10),
(6, 2, 30),
(6, 3, 70),
(6, 4, 150),
(7, 1, 10),
(7, 2, 30),
(7, 3, 70),
(7, 4, 150),
(21, 1, 30),
(21, 2, 120),
(21, 3, 180),
(21, 4, 999),
(22, 1, 5),
(22, 2, 20),
(22, 3, 50),
(22, 4, 110),
(23, 1, 5),
(23, 2, 20),
(23, 3, 50),
(23, 4, 110),
(24, 1, 15),
(24, 2, 35),
(24, 3, 70),
(24, 4, 215),
(25, 1, 15),
(25, 2, 35),
(25, 3, 125),
(25, 4, 215),
(26, 1, 15),
(26, 2, 110),
(26, 3, 125),
(26, 4, 215),
(31, 1, 10),
(31, 2, 30),
(31, 3, 70),
(31, 4, 150),
(32, 1, 20),
(32, 2, 60),
(32, 3, 120),
(32, 4, 180),
(33, 1, 1),
(33, 2, 20),
(33, 4, 200),
(41, 1, 25),
(41, 2, 50),
(41, 3, 100),
(41, 4, 200),
(42, 1, 25),
(42, 2, 50),
(42, 3, 100),
(42, 4, 200),
(43, 1, 30),
(43, 2, 90);

-- --------------------------------------------------------

--
-- テーブルの構造 `skilltrees`
--

CREATE TABLE `skilltrees` (
  `id` int(11) NOT NULL,
  `name` varchar(40) NOT NULL
) ENGINE=InnoDB DEFAULT CHARSET=utf8;

--
-- 挿入前にテーブルを空にする `skilltrees`
--

TRUNCATE TABLE `skilltrees`;
--
-- テーブルのデータのダンプ `skilltrees`
--

INSERT INTO `skilltrees` (`id`, `name`) VALUES
(1, 'ブレード'),
(2, 'シュート'),
(3, 'マジック'),
(4, 'マーシャル'),
(5, 'デュアルソード'),
(6, 'ハルバード'),
(7, 'モノノフ'),
(21, 'ガード'),
(22, 'シールド'),
(23, 'ナイフ'),
(24, 'ナイト'),
(25, 'プリースト'),
(26, 'ハンター'),
(31, 'サポート'),
(32, 'バトル'),
(33, 'サバイバル'),
(41, 'スミス'),
(42, 'アルケミー'),
(43, 'テイマー');

-- --------------------------------------------------------

--
-- テーブルの構造 `subitemtype`
--

CREATE TABLE `subitemtype` (
  `maintype` int(11) NOT NULL,
  `subtype` int(11) NOT NULL,
  `name` varchar(40) NOT NULL,
  `showorder` int(11) NOT NULL DEFAULT '0'
) ENGINE=InnoDB DEFAULT CHARSET=utf8;

--
-- 挿入前にテーブルを空にする `subitemtype`
--

TRUNCATE TABLE `subitemtype`;
--
-- テーブルのデータのダンプ `subitemtype`
--

INSERT INTO `subitemtype` (`maintype`, `subtype`, `name`, `showorder`) VALUES
(1, 0, '使用不可', 100),
(1, 1, 'HP回復', 101),
(1, 2, 'MP回復', 102),
(1, 3, 'HPMP強化', 103),
(1, 4, '攻撃強化', 104),
(1, 5, '防御強化', 105),
(1, 6, '速度強化', 106),
(1, 10, '宝箱', 110),
(1, 11, 'ワープ', 111),
(1, 12, 'ジェム', 112),
(1, 20, '鉱石', 120),
(1, 21, '鍛冶補助', 121),
(1, 30, '容姿変更', 130),
(1, 50, 'その他', 150),
(2, 1, '片手剣', 201),
(2, 2, '両手剣', 202),
(2, 3, '手甲', 203),
(2, 4, '弓', 204),
(2, 5, '自動弓', 205),
(2, 6, '杖', 206),
(2, 7, '魔導具', 207),
(2, 8, '旋風槍', 208),
(2, 9, '抜刀剣', 209),
(2, 10, '盾', 250),
(2, 11, '短剣', 251),
(2, 12, '矢', 252),
(3, 1, '体防具', 301),
(3, 2, '追加装備', 302),
(3, 3, '特殊装備', 303),
(6, 1, 'ノーマルクリスタ', 601),
(6, 2, 'ウェポンクリスタ', 602),
(6, 3, 'アーマークリスタ', 603),
(6, 4, 'オプションクリスタ', 604),
(6, 5, 'アクセサリークリスタ', 605);

-- --------------------------------------------------------

--
-- テーブルの構造 `subproptype`
--

CREATE TABLE `subproptype` (
  `maintype` int(11) NOT NULL,
  `subtype` int(11) NOT NULL,
  `percent` tinyint(1) NOT NULL DEFAULT '0',
  `name` varchar(40) NOT NULL,
  `showorder` int(11) NOT NULL
) ENGINE=InnoDB DEFAULT CHARSET=utf8;

--
-- 挿入前にテーブルを空にする `subproptype`
--

TRUNCATE TABLE `subproptype`;
--
-- テーブルのデータのダンプ `subproptype`
--

INSERT INTO `subproptype` (`maintype`, `subtype`, `percent`, `name`, `showorder`) VALUES
(1, 1, 0, 'ATK', 1010),
(1, 1, 1, 'ATK', 1011),
(1, 2, 0, 'MATK', 1020),
(1, 2, 1, 'MATK', 1021),
(1, 3, 0, 'DEF', 1030),
(1, 3, 1, 'DEF', 1031),
(1, 4, 0, 'MDEF', 1040),
(1, 4, 1, 'MDEF', 1041),
(1, 10, 1, 'ATK(STR)', 1101),
(1, 11, 1, 'MATK(STR)', 1111),
(1, 12, 1, 'ATK(INT)', 1121),
(1, 13, 1, 'MATK(INT)', 1131),
(1, 14, 1, 'ATK(VIT)', 1141),
(1, 15, 1, 'MATK(VIT)', 1151),
(1, 16, 1, 'ATK(AGI)', 1161),
(1, 17, 1, 'MATK(AGI)', 1171),
(1, 18, 1, 'ATK(DEX)', 1181),
(1, 19, 1, 'MATK(DEX)', 1191),
(1, 30, 0, '武器ATK', 1300),
(1, 30, 1, '武器ATK', 1301),
(2, 1, 0, 'HP', 2010),
(2, 1, 1, 'HP', 2011),
(2, 2, 0, 'MP', 2020),
(2, 2, 1, 'INT', 2021),
(2, 3, 0, 'STR', 2030),
(2, 3, 1, 'STR', 2031),
(2, 4, 0, 'INT', 2040),
(2, 4, 1, 'INT', 2041),
(2, 5, 0, 'VIT', 2050),
(2, 5, 1, 'VIT', 2051),
(2, 6, 0, 'AGI', 2060),
(2, 6, 1, 'AGI', 2061),
(2, 7, 0, 'DEX', 2070),
(2, 7, 1, 'DEX', 2071),
(2, 8, 0, 'CRT率', 2080),
(2, 8, 1, 'CRT率', 2081),
(3, 1, 0, '命中', 3010),
(3, 1, 1, '命中', 3011),
(3, 2, 0, '回避', 3020),
(3, 2, 1, '回避', 3021),
(3, 3, 1, 'Avoid率', 3031),
(3, 4, 1, 'Guard率', 3041),
(3, 5, 1, 'Guard力', 3051),
(3, 6, 1, '先読み', 3061),
(3, 7, 1, '防御崩し', 3071),
(4, 1, 1, '物理貫通', 4011),
(4, 2, 1, '魔法貫通', 4021),
(5, 1, 0, 'CRTダメージ', 5010),
(5, 1, 1, 'CRTダメージ', 5011),
(5, 2, 1, '近距離の威力', 5021),
(5, 3, 1, '遠距離の威力', 5031),
(5, 4, 1, '無属性ダメージ', 5041),
(5, 5, 1, '火属性ダメージ', 5051),
(5, 6, 1, '水属性ダメージ', 5061),
(5, 7, 1, '土属性ダメージ', 5071),
(5, 8, 1, '風属性ダメージ', 5081),
(5, 9, 1, '光属性ダメージ', 5091),
(5, 10, 1, '闇属性ダメージ', 5101),
(6, 1, 1, '物理耐性', 6011),
(6, 2, 1, '魔法耐性', 6021),
(6, 3, 1, '異常耐性', 6031),
(6, 4, 1, '無属性耐性', 6041),
(6, 5, 1, '火属性耐性', 6051),
(6, 6, 1, '水属性耐性', 6061),
(6, 7, 1, '土属性耐性', 6071),
(6, 8, 1, '風属性耐性', 6081),
(6, 9, 1, '光属性耐性', 6091),
(6, 10, 1, '闇属性耐性', 6101),
(6, 30, 1, '周囲軽減', 6301),
(6, 31, 1, '範囲軽減', 6311),
(6, 32, 1, '直線軽減', 6321),
(6, 33, 1, '突進軽減', 6331),
(6, 34, 1, '隕石軽減', 6341),
(6, 35, 1, '弾丸軽減', 6351),
(6, 36, 1, '射刃軽減', 6361),
(6, 37, 1, '痛床軽減', 6371),
(7, 1, 1, 'ヘイト', 7011),
(8, 1, 0, '攻撃速度', 8010),
(8, 1, 1, '攻撃速度', 8011),
(8, 2, 0, '詠唱速度', 8020),
(8, 2, 1, '詠唱速度', 8021),
(8, 3, 1, '行動速度', 8031),
(9, 1, 0, '攻撃MP回復', 9010),
(9, 2, 1, 'HP自然回復', 9021),
(9, 3, 1, 'MP自然回復', 9031),
(10, 1, 0, '光属性', 301),
(10, 2, 0, '闇属性', 302),
(10, 3, 0, '火属性', 303),
(10, 4, 0, '水属性', 304),
(10, 5, 0, '風属性', 305),
(10, 6, 0, '土属性', 306),
(20, 1, 0, '物理バリア', 20010),
(20, 2, 0, '魔法バリア', 20020),
(20, 3, 1, '割合バリア', 20031),
(20, 4, 1, 'バリア速度', 20041),
(21, 1, 1, '物理追撃', 21011),
(21, 2, 1, '魔法追撃', 21021),
(22, 1, 0, '怯み付与停止', 22010),
(22, 2, 0, '転倒付与停止', 22020),
(22, 3, 0, '気絶付与停止', 22030),
(23, 1, 1, '安定率', 23011),
(50, 3, 1, 'ダメージ反射', 50031),
(50, 8, 1, 'ドロップ', 50081),
(50, 10, 1, '復帰短縮', 50101),
(50, 11, 0, '無敵手当', 50110);

-- --------------------------------------------------------

--
-- テーブルの構造 `userentry`
--

CREATE TABLE `userentry` (
  `id` int(11) NOT NULL COMMENT '番号',
  `grant` int(11) NOT NULL DEFAULT '2' COMMENT '権限',
  `name` varchar(100) NOT NULL COMMENT 'ログインID100文字',
  `pass` varchar(100) NOT NULL COMMENT 'パスSHA1'
) ENGINE=InnoDB DEFAULT CHARSET=utf8;

--
-- 挿入前にテーブルを空にする `userentry`
--

TRUNCATE TABLE `userentry`;
--
-- テーブルのデータのダンプ `userentry`
--

INSERT INTO `userentry` (`id`, `grant`, `name`, `pass`) VALUES
(1, 1, 'looseryfun@gmail.com', 'fa8408560b78120aa0f0bc145d1f4c3f4a9ba92a'),
(3, 2, 'poyonto', '366217106532407a0e5222bdba08dddada1f7308');

-- --------------------------------------------------------

--
-- テーブルの構造 `usergrant`
--

CREATE TABLE `usergrant` (
  `id` int(11) NOT NULL,
  `name` text
) ENGINE=InnoDB DEFAULT CHARSET=utf8;

--
-- 挿入前にテーブルを空にする `usergrant`
--

TRUNCATE TABLE `usergrant`;
--
-- テーブルのデータのダンプ `usergrant`
--

INSERT INTO `usergrant` (`id`, `name`) VALUES
(0, 'guest'),
(1, 'admin'),
(2, 'normal');

-- --------------------------------------------------------

--
-- ビュー用の構造 `propertyorderview`
--
DROP TABLE IF EXISTS `propertyorderview`;

CREATE ALGORITHM=UNDEFINED DEFINER=`looseryfun`@`localhost` SQL SECURITY DEFINER VIEW `propertyorderview`  AS  select `itempropertys`.`id` AS `id`,`itempropertys`.`maintype` AS `maintype`,`itempropertys`.`subtype` AS `subtype`,`itempropertys`.`percent` AS `percent`,`itempropertys`.`proppower` AS `proppower` from (`itempropertys` left join `subproptype` on(((`itempropertys`.`maintype` = `subproptype`.`maintype`) and (`itempropertys`.`subtype` = `subproptype`.`subtype`) and (`itempropertys`.`percent` = `subproptype`.`percent`)))) order by `subproptype`.`showorder` ;

--
-- Indexes for dumped tables
--

--
-- Indexes for table `itemgettype`
--
ALTER TABLE `itemgettype`
  ADD UNIQUE KEY `id` (`id`);

--
-- Indexes for table `itempropertys`
--
ALTER TABLE `itempropertys`
  ADD UNIQUE KEY `propertykey` (`id`,`maintype`,`subtype`,`percent`),
  ADD KEY `properttype` (`maintype`,`subtype`,`percent`);

--
-- Indexes for table `itemrecords`
--
ALTER TABLE `itemrecords`
  ADD PRIMARY KEY (`id`),
  ADD KEY `status` (`status`,`name`),
  ADD KEY `gettypereletion` (`gettype`),
  ADD KEY `subitemtype` (`maintype`,`subtype`),
  ADD KEY `breaktypere` (`breaktype`) USING BTREE;

--
-- Indexes for table `itemstatus`
--
ALTER TABLE `itemstatus`
  ADD PRIMARY KEY (`id`);

--
-- Indexes for table `mainitemtypes`
--
ALTER TABLE `mainitemtypes`
  ADD PRIMARY KEY (`id`),
  ADD UNIQUE KEY `name` (`name`);

--
-- Indexes for table `mainproptype`
--
ALTER TABLE `mainproptype`
  ADD UNIQUE KEY `id` (`id`);

--
-- Indexes for table `materialtype`
--
ALTER TABLE `materialtype`
  ADD PRIMARY KEY (`id`);

--
-- Indexes for table `skilldata`
--
ALTER TABLE `skilldata`
  ADD PRIMARY KEY (`maintype`,`subtype`);

--
-- Indexes for table `skilltreelevels`
--
ALTER TABLE `skilltreelevels`
  ADD PRIMARY KEY (`maintype`,`level`);

--
-- Indexes for table `skilltrees`
--
ALTER TABLE `skilltrees`
  ADD PRIMARY KEY (`id`);

--
-- Indexes for table `subitemtype`
--
ALTER TABLE `subitemtype`
  ADD UNIQUE KEY `UNIQUE` (`maintype`,`subtype`),
  ADD KEY `orderIndex` (`showorder`);

--
-- Indexes for table `subproptype`
--
ALTER TABLE `subproptype`
  ADD UNIQUE KEY `mainindex` (`maintype`,`subtype`,`percent`),
  ADD KEY `showorder` (`showorder`) USING BTREE;

--
-- Indexes for table `userentry`
--
ALTER TABLE `userentry`
  ADD PRIMARY KEY (`id`),
  ADD UNIQUE KEY `name` (`name`),
  ADD KEY `grant` (`grant`);

--
-- Indexes for table `usergrant`
--
ALTER TABLE `usergrant`
  ADD PRIMARY KEY (`id`);

--
-- AUTO_INCREMENT for dumped tables
--

--
-- AUTO_INCREMENT for table `itemrecords`
--
ALTER TABLE `itemrecords`
  MODIFY `id` int(11) NOT NULL AUTO_INCREMENT, AUTO_INCREMENT=155;

--
-- AUTO_INCREMENT for table `itemstatus`
--
ALTER TABLE `itemstatus`
  MODIFY `id` smallint(6) NOT NULL AUTO_INCREMENT, AUTO_INCREMENT=3;

--
-- AUTO_INCREMENT for table `userentry`
--
ALTER TABLE `userentry`
  MODIFY `id` int(11) NOT NULL AUTO_INCREMENT COMMENT '番号', AUTO_INCREMENT=4;

--
-- AUTO_INCREMENT for table `usergrant`
--
ALTER TABLE `usergrant`
  MODIFY `id` int(11) NOT NULL AUTO_INCREMENT, AUTO_INCREMENT=6;

--
-- ダンプしたテーブルの制約
--

--
-- テーブルの制約 `itempropertys`
--
ALTER TABLE `itempropertys`
  ADD CONSTRAINT `itemkey` FOREIGN KEY (`id`) REFERENCES `itemrecords` (`id`) ON DELETE CASCADE,
  ADD CONSTRAINT `properttype` FOREIGN KEY (`maintype`,`subtype`,`percent`) REFERENCES `subproptype` (`maintype`, `subtype`, `percent`) ON DELETE CASCADE;

--
-- テーブルの制約 `itemrecords`
--
ALTER TABLE `itemrecords`
  ADD CONSTRAINT `breaktyperelation` FOREIGN KEY (`breaktype`) REFERENCES `materialtype` (`id`) ON DELETE CASCADE ON UPDATE CASCADE,
  ADD CONSTRAINT `gettypereletion` FOREIGN KEY (`gettype`) REFERENCES `itemgettype` (`id`) ON DELETE CASCADE ON UPDATE CASCADE,
  ADD CONSTRAINT `mainitemtype` FOREIGN KEY (`maintype`) REFERENCES `mainitemtypes` (`id`) ON DELETE CASCADE ON UPDATE CASCADE,
  ADD CONSTRAINT `statusreleation` FOREIGN KEY (`status`) REFERENCES `itemstatus` (`id`) ON DELETE CASCADE ON UPDATE CASCADE,
  ADD CONSTRAINT `subitemtype` FOREIGN KEY (`maintype`,`subtype`) REFERENCES `subitemtype` (`maintype`, `subtype`) ON DELETE CASCADE ON UPDATE CASCADE;

--
-- テーブルの制約 `skilldata`
--
ALTER TABLE `skilldata`
  ADD CONSTRAINT `treereleation` FOREIGN KEY (`maintype`) REFERENCES `skilltrees` (`id`) ON DELETE CASCADE ON UPDATE CASCADE;

--
-- テーブルの制約 `skilltreelevels`
--
ALTER TABLE `skilltreelevels`
  ADD CONSTRAINT `treelevelrelation` FOREIGN KEY (`maintype`) REFERENCES `skilltrees` (`id`) ON DELETE CASCADE ON UPDATE CASCADE;

--
-- テーブルの制約 `subitemtype`
--
ALTER TABLE `subitemtype`
  ADD CONSTRAINT `ITEMTYPERELEATION` FOREIGN KEY (`maintype`) REFERENCES `mainitemtypes` (`id`) ON DELETE CASCADE;

--
-- テーブルの制約 `subproptype`
--
ALTER TABLE `subproptype`
  ADD CONSTRAINT `maintyperelation` FOREIGN KEY (`maintype`) REFERENCES `mainproptype` (`id`) ON DELETE CASCADE ON UPDATE CASCADE;

--
-- テーブルの制約 `userentry`
--
ALTER TABLE `userentry`
  ADD CONSTRAINT `userentry_ibfk_1` FOREIGN KEY (`grant`) REFERENCES `usergrant` (`id`) ON DELETE CASCADE;
COMMIT;

/*!40101 SET CHARACTER_SET_CLIENT=@OLD_CHARACTER_SET_CLIENT */;
/*!40101 SET CHARACTER_SET_RESULTS=@OLD_CHARACTER_SET_RESULTS */;
/*!40101 SET COLLATION_CONNECTION=@OLD_COLLATION_CONNECTION */;
